ID;Study ID;Reference;Grouping;Victim;Perpetrator;Route Victim;Route Perpetrator;Compartment;AUCR Avg;AUCR AvgType;AUCR Var;AUCR VarType;CmaxR Avg;CmaxR AvgType;CmaxR Var;CmaxR VarType;t_placebo_0;t_placebo_end;t_treatment_0;t_treatment_end;t Unit;Comment;Dose;Dose free API;Dose Unit;Route;Times of Administration;Times Unit;Comment Regimen;Administered form;Formulation type;Infusion duration [min];Water volume ingested for drug intake [mL];Comment on administration/formulation;Fasted/Fed state;Duration of fasting before drug administration [h];Duration of fasting after drug administration [h];Comment on food intake
471;Zimmermann 1996;https://www.ncbi.nlm.nih.gov/pubmed/8720318;with Perpetrator (Erythromycin);Midazolam;Erythromycin;PO;PO;Plasma;3.813719284;Approx. Avg;;;2.711438346;Approx. CmaxR;;;0;inf;97.5;inf;h;;500;;mg;PO;(S-0,T-8-R-15);h;MD TID;;Zithromax;;100;Zitrhromax Pfizer;Fasted;10;3.5;
579;Zhu 2010;https://www.ncbi.nlm.nih.gov/pubmed/21149917;Raltegravir 400 mg twice daily plus atazanavir 300 mg twice daily;Raltegravir;Atazanavir;PO;PO;Plasma;1.536;geo. Mean;1.135-2.081;90% CI;1.394;geo. Mean;0.990-1.964;90% CI;96;108;600;612;h;;400;;mg;PO;288-300-312-324-336-348-360-372-384-396-408-420-432-444-456-468-480-492-504-516-528-540-552-564-576-588-600-612;h;MD BID;Atazanavir sulfate;Reyataz® Bristol-Myers Squibb;;;;Fed;;;light meal (277 kcal)
469;Yeates 1996;http://www.ncbi.nlm.nih.gov/pubmed/8880291;with Perpetrator (Clarithromycin);Midazolam;Clarithromycin;PO;PO;Plasma;3.571572095;Approx. Avg;;;2.439979191;Approx. CmaxR;;;0;inf;97.5;inf;h;;250;;mg;PO;(S-0,T-12-R-10);h;MD BID;;Klacid tabelts;;;Kacid tablets from Abbot;Fasted;;2;
1026;Yasui 1998;https://www.ncbi.nlm.nih.gov/pubmed/9784084;Alprazolam with itraconazole;Alprazolam;Itraconazole;PO;PO;Plasma;2.662698413;Approx. Avg;;;1.286821705;Approx. CmaxR;;;0;inf;73;inf;h;;200;;mg;PO;(S0-T24-R6);h;MD, QD (at 8 am);;capsule formulation (Itrizole, Janssen-Kyowa Co. Ltd, Tokyo, Japan);;;;;;;
777;Yasui 1996;https://www.ncbi.nlm.nih.gov/pubmed/8646822;Treatment with erythromycin;Alprazolam;Erythromycin;PO;PO;Plasma;2.471616;Approx. Avg;;;1.183333;Approx. Avg;;;0;inf;170;inf;h;;400;;mg;PO;0-8-16-24-32-40-48-56-64-72-80-88-96-104-112-120-128-136-144-152-160-168-176-184-192-200-208-216-224-232;h;MD TID;;Ilotysin;;;;Fasted;overnight;;
1111;Wang 2005;https://ascpt.onlinelibrary.wiley.com/doi/abs/10.1016/j.clpt.2004.11.014;Midazolam after VER treatment;Midazolam;Verapamil;IV;;Plasma;1.452380952;Arith. mean;;;;;;;0;inf;144;inf;h;AUCR was calculated with CLiv values;240;;mg;;S0-T24-R7;h;MD;verapamil;verapamil (SR, 240 mg qd.);;;;;;;
1116;Wang 2005;https://ascpt.onlinelibrary.wiley.com/doi/abs/10.1016/j.clpt.2004.11.014;Midazolam after VER treatment;Midazolam;Verapamil;PO;;Plasma;3.505617978;Arith. mean;;;;;;;0;inf;168;inf;h;AUCR was calculated with CLpo values;240;;mg;;S0-T24-R7;h;MD;verapamil;verapamil (SR, 240 mg qd.);;;;;;;
1004;Villikka 1997;https://www.ncbi.nlm.nih.gov/pubmed/9024169;Treatment arm (pretreatment with rifampin, 600 mg, 5 days);Triazolam;Rifampin;PO;PO;Plasma;0.051;Arith. Mean;0.032-0.071;95%CI;0.124137931;Approx. CmaxR;;;0;inf;113;inf;h;AUC ratio from Tab. 1;600;;mg;PO;(S0-T24-R5);h;MD, QD (at 8 pm);;two 300 mg Rimapen capsules, Orion Pharmaceutical Company Ltd., Espoo, Finland;;;;;;;
1028;Varhe 1994;https://www.ncbi.nlm.nih.gov/pubmed/7995001;Triazolam with ketoconazole;Triazolam;Ketoconazole;PO;PO;Plasma;20.06386189;Geom. Mean;5.00-71.1;Range;3.107487126;Geom. Mean;1.46-5.1;Range;0;inf;73;inf;h;AUC and Cmax ratios calculated based on individual data listed in Tab. 2;400;;mg;;S0-T24-R4;h;MD, QD;;Nizoral, Orion, Helsinki, Finland;;;;;;;The use of alcohol, coffee, tea, and cola was not allowed during the testdays
1029;Varhe 1994;https://www.ncbi.nlm.nih.gov/pubmed/7995001;Triazolam with Itraconazole;Triazolam;Itraconazole;PO;PO;Plasma;19.02874555;Geom. Mean;7.24-181;Range;2.685447833;Geom. Mean;1.17-10.4;Range;0;inf;73;inf;h;AUC and Cmax ratios calculated based on individual data listed in Tab. 2;200;;mg;;S0-T24-R4;h;MD, QD;;Sporanox, Orion;;;;;;;The use of alcohol, coffee, tea, and cola was not allowed during the testdays
2002;van Dyk 2018;https://www.ncbi.nlm.nih.gov/pubmed/29572563;Midazolam in Caucasian following 7d of Rifampicin (between day 1 and 8);Midazolam;Rifampicin;PO;PO;Plasma;0.256410256;geom. Mean;0.208333333333333-0.333333333333333;95% CI;0.375;Approx. CmaxR;;;0;6;156;162;h;Adjusted AUCratios (adjustment of different genotypes) are also available: AUC0-6 GMR with (95% CI)in µg/L/min: 4.2 (3.2, 5.2);300;;mg;PO;S0-T24-R7;h;MD, qd for a 7-day course each evening;rifampicin;Rifadin Sanofi, NSW, Australia;;;;;;;
2003;van Dyk 2018;https://www.ncbi.nlm.nih.gov/pubmed/29572563;Midazolam in South Asian following 7d of Rifampicin (between day 1 and 8);Midazolam;Rifampicin;PO;PO;Plasma;0.188679245;geom. Mean;0.15625-0.263157894736842;95% CI;0.218181818;Approx. CmaxR;;;0;6;156;162;h;Adjusted AUCratios (adjustment of different genotypes) are also available: AUC0-6 GMR with (95% CI)in µg/L/min: 5.4 (3.8, 7.0);300;;mg;PO;S0-T24-R7;h;MD, qd for a 7-day course each evening;rifampicin;Rifadin Sanofi, NSW, Australia;;;;;;;
2004;van Dyk 2018;https://www.ncbi.nlm.nih.gov/pubmed/29572563;Midazolam in Caucasian following 3d of Clarithromycin (between day 12 and 14);Midazolam;Clarithromycin;PO;PO;Plasma;1.9;geom. Mean;1.5, 2.3;95% CI;1.75;Approx. CmaxR;;;0;6;324;330;h;"Adjusted AUCratios (adjustment of different genotypes) are also available: AUC0-6 GMR with (95% CI)in µg/L/min: 2.0 (1.5, 2.4); Time adjusted to Time after first rifampicin dose";250;;mg;;S0-T12-R6;h;MD, bd for a 3-day course;clarithromycin;Klacid Abbott Laboratories, NSW, Australia;;;;;;;
2005;van Dyk 2018;https://www.ncbi.nlm.nih.gov/pubmed/29572563;Midazolam in South Asian following 3d of Clarithromycin (between day 12 and 14);Midazolam;Clarithromycin;PO;PO;Plasma;1.5;geom. Mean;0.8, 2.2;95% CI;1.509090909;Approx. CmaxR;;;0;6;324;330;h;"Adjusted AUCratios (adjustment of different genotypes) are also available: AUC0-6 GMR with (95% CI)in µg/L/min: 1.7 (1.0, 2.5); Time adjusted to Time after first rifampicin dose";250;;mg;;S0-T12-R6;h;MD, bd for a 3-day course;clarithromycin;Klacid Abbott Laboratories, NSW, Australia;;;;;;;
428;Tham 2006;https://www.ncbi.nlm.nih.gov/pubmed/16628140;with Perpetrator (Ketoconazole 50 mg);Midazolam;Ketoconazole;IV;PO;Plasma;1.588235294;Approx. Avg;;;;;;;0;inf;47;inf;h;;200;;mg;PO;0-12-24-36-48-60;h;MD;ketoconazole;Janssen Cilag;;;at 8am and 8pm;;;;
424;Templeton 2010;https://www.ncbi.nlm.nih.gov/pubmed/20739919;with Perpetrator (Itraconazole @ 50 mg);Midazolam;Itraconazole;PO;PO;Plasma;2;arith. Mean;0.6;arith. SD;;;;;0;inf;4;inf;h;;50;;mg;PO;0;h;SD;;Oral solution;;;;Fasted;;0.5;wrt. administration of midazolam
425;Templeton 2010;https://www.ncbi.nlm.nih.gov/pubmed/20739919;with Perpetrator (Itraconazole @ 200 mg);Midazolam;Itraconazole;PO;PO;Plasma;4.7;arith. Mean;1.4;arith. SD;;;;;0;inf;4;inf;h;;200;;mg;PO;0;h;SD;;Oral solution;;;;Fasted;;0.5;wrt. administration of midazolam
426;Templeton 2010;https://www.ncbi.nlm.nih.gov/pubmed/20739919;with Perpetrator (Itraconazole @ 400 mg);Midazolam;Itraconazole;PO;PO;Plasma;5.4;arith. Mean;1.5;arith. SD;;;;;0;inf;4;inf;h;;400;;mg;PO;0;h;SD;;Oral solution;;;;Fasted;;0.5;wrt. administration of midazolam
422;Szalat 2007;https://www.ncbi.nlm.nih.gov/pubmed/17553741;with Perpetrator (Rifampicin);Midazolam;Rifampicin;IV;PO;Plasma;0.579467114;Approx. Avg;;;;;;;0;inf;132;inf;h;;600;;mg;PO;0-24-48-72-96-120-144;h;MD;rifampicin;rifampicin (Sandoz GmbH);;;;;;;
420;Swart 2002;https://www.ncbi.nlm.nih.gov/pubmed/11851636 ;day 10 Control with Perpetrator (Erythromycin);Midazolam;Erythromycin;IV;PO;Plasma;1.597786;geo. Mean;0.872-3.0;Range;;;;;0;inf;96;inf;h;according to the methods section, AUC was calculated, but data are not given in text or tables.;500;;mg;PO;0-(S0-T6-R20);h;erythromycin was taken 4 times per day, but timing was not specified. A fixed dose interval oh tau=6h was assumed. Midazolam and lignocaine were co-administered with erythromycin.;;Capsule;;200;2x 100-mg itraconazole capsules with coated sugar spheres;;;;
2018;Suzuki 2003;https://www.ncbi.nlm.nih.gov/pubmed/12698310;Alprazolam with fluvoxamine (Japanese);Alprazolam;Fluvoxamine;PO;PO;Plasma;;;;;;;;;316 (N=13) / 324 (N=10);inf;316 (N=13) / 324 (N=10);inf;h;;25 (N=19) / 50 (N=2) / 100 (N=2);;mg;PO;S0-T24-R14;h;MD, The doses of FLV were 25 mg in 19 subjects, 50 mg in 2, and 100 mg in 2. FLV taken at 21:00 by all subjects.;fluvoxamine;oral formulation;;;;;;;
1094;Shin 2016;https://www.ncbi.nlm.nih.gov/pubmed/27317471;Midazolam + ketoconazole;Midazolam;Ketoconazole;IV;;Plasma;4.77;geom. Mean (GMR);4.52 - 5.03;90% CI;1.45;geom. Mean (GMR);1.38 - 1.53;90% CI;0;inf;73;inf;h;;400;;mg;;(S0-T24-R4);h;MD, q.d. for 4 days;ketoconazole;Spike, Choongwae Pharma Co., Seoul, Korea;;;;;;;
1095;Shin 2016;https://www.ncbi.nlm.nih.gov/pubmed/27317471;Midazolam + rifampicin;Midazolam;Rifampicin;IV;;Plasma;1.225;geom. Mean (GMR);1.15 - 1.325;90% CI;1.775;geom. Mean (GMR);1.7 - 1.9;90% CI;0;inf;216;inf;h;calculated as reported AUCR*Dose(under Rif coadmin)/Dose(control);600;;mg;;(S0-T24-R10);h;MD, q.d. for 10 days;rifampicin;Rifodex, Chong Kun Dang Pharmaceutical, Seoul, Korea;;;;;;;
1091;Shin 2013;https://www.ncbi.nlm.nih.gov/pubmed/23784264;CYP3A4 inhibited phase (Midazolam + ketoconazole);Midazolam;Ketoconazole;IV;PO;Plasma;2.89;geom. Mean (GMR);2.57 - 3.25;90% CI;;;;;0;inf;73;inf;h;also available: Ratio of geom. Mean (90% CI) of CL in L/h: 0.35 (0.32 - 0.37);400;;mg;PO;(S0-T24-R4);h;MD, q.d. for 4 days;ketoconazole (400-mg tablet);Spike, Choong Wae Pharm, Seoul, Korea;;;;;;;
1092;Shin 2013;https://www.ncbi.nlm.nih.gov/pubmed/23784264;CYP3A4 induced phase (Midazolam + rifampicin);Midazolam;Rifampicin;IV;PO;Plasma;1.15;geom. Mean (GMR);1.025 - 1.275;90% CI;;;;;0;inf;216;inf;h;calculated as reported AUCR*Dose(under Rif coadmin)/Dose(control), also avaiable: Ratio of geom. Mean (90% CI) of CL in L/h: 2.19 (1.99 - 2.40);600;;mg;PO;(S0-T24-R10);h;MD, q.d. for 10 days;rifampicin (600-mg tablet);Rifodex, Chong Kun Dang Pharmaceutical, Seoul, Korea;;;;;;;
1001;Schmider 1999;https://www.ncbi.nlm.nih.gov/pubmed/10634135;Alprazolam + Rifampin;Alprazolam;Rifampin;PO;PO;Plasma;0.117258464;Approx. Avg;;;0.638157895;Approx. CmaxR;;;0;inf;96;inf;h;Administration time of alprazolam relative to rifampin administration was not reported, here, it was assumed that alprazolam was administered 24h after the last rifampin administration;450;;mg;;S0-T24-R4;h;MD QD;;;;;;;;;
1002;Schmider 1999;https://www.ncbi.nlm.nih.gov/pubmed/10634135;Alprazolam + Ketoconazole;Alprazolam;Ketoconazole;PO;PO;Plasma;1.759702725;Approx. Avg;;;1.078947368;Approx. CmaxR;;;0;inf;48;inf;h;Administration time of alprazolam relative to ketoconazole administration was not reported, here, it was assumed that alprazolam was administered 12h after the last ketoconazole administration;200;;mg;;S0-T12-R4;h;MD BID;;;;;;;;;
401;Saari 2006;https://www.ncbi.nlm.nih.gov/pubmed/16580904;po with Perpetrator (Voriconazole);Midazolam;Voriconazole;PO;PO;Plasma;9.85;geo. Mean;8.23-11.79;90% CI;3.56;geo. Mean;2.85-4.44;90% CI;0;inf;37;inf;h;;400/200;;mg;PO;400mg: 0-12, 200mg: 24-36;h;MD;voriconazole;Vfend tablet Pfizer;;150;The last dose of voriconazole was given at 8 AM with 150 mL of water;Fasted;11;5;
404;Saari 2006;https://www.ncbi.nlm.nih.gov/pubmed/16580904;iv with Perpetrator (Voriconazole);Midazolam;Voriconazole;IV;PO;Plasma;3.61;geo. Mean;3.20-4.08;90% CI;;;;;0;inf;37;inf;h;;400/200;;mg;PO;400mg: 0-12, 200mg: 24-36;h;MD;voriconazole;Vfend tablet Pfizer;;150;The last dose of voriconazole was given at 8 AM with 150 mL of water;Fasted;11;5;
392;Reitman 2011;https://www.ncbi.nlm.nih.gov/pubmed/21191377;Week 0 after Perpetrator (Rifampicin);Midazolam;Rifampicin;PO;PO;Plasma;0.123;arith. mean;;;0.162;arith. mean;;;1320;inf;648;816;h;Week 4 as Control;600;;mg;PO;(S-0,T-24,R-28);h;;;Rifadin (2x 300mg);;;Rifadin 2x 300 mg (Merrel);Fasted;;;
393;Reitman 2011;https://www.ncbi.nlm.nih.gov/pubmed/21191377;Week 1 after Perpetrator (Rifampicin);Midazolam;Rifampicin;PO;PO;Plasma;0.383;arith. mean;;;0.403;arith. mean;;;1320;inf;816;984;h;Week 4 as Control;600;;mg;PO;(S-0,T-24,R-28);h;;;Rifadin (2x 300mg);;;Rifadin 2x 300 mg (Merrel);Fasted;;;
394;Reitman 2011;https://www.ncbi.nlm.nih.gov/pubmed/21191377;Week 2 after Perpetrator (Rifampicin);Midazolam;Rifampicin;PO;PO;Plasma;0.815;arith. mean;;;0.731;arith. mean;;;1320;inf;984;1320;h;Week 4 as Control;600;;mg;PO;(S-0,T-24,R-28);h;;;Rifadin (2x 300mg);;;Rifadin 2x 300 mg (Merrel);Fasted;;;
396;Reitman 2011;https://www.ncbi.nlm.nih.gov/pubmed/21191377;Week 0 after Perpetrator (Rifampicin);Digoxin;Rifampicin;PO;PO;Plasma;1.462;arith. mean;;;1.49;arith. mean;;;1321;inf;649;817;h;Week 4 as Control;600;;mg;PO;(S-0,T-24,R-28);h;;;Rifadin (2x 300mg);;;Rifadin 2x 300 mg (Merrel);Fasted;;;
397;Reitman 2011;https://www.ncbi.nlm.nih.gov/pubmed/21191377;Week 1 after Perpetrator (Rifampicin);Digoxin;Rifampicin;PO;PO;Plasma;0.683;arith. mean;;;69.3;arith. mean;;;1321;inf;817;985;h;Week 4 as Control;600;;mg;PO;(S-0,T-24,R-28);h;;;Rifadin (2x 300mg);;;Rifadin 2x 300 mg (Merrel);Fasted;;;
398;Reitman 2011;https://www.ncbi.nlm.nih.gov/pubmed/21191377;Week 2 after Perpetrator (Rifampicin);Digoxin;Rifampicin;PO;PO;Plasma;0.977;arith. mean;;;87.6;arith. mean;;;1321;inf;985;1321;h;Week 4 as Control;600;;mg;PO;(S-0,T-24,R-28);h;;;Rifadin (2x 300mg);;;Rifadin 2x 300 mg (Merrel);Fasted;;;
2025;Quinney 2008;https://www.ncbi.nlm.nih.gov/pubmed/17635500;iv Midazolam Female after clarithromycin;Midazolam;Clarithromycin;IV;PO;Whole Blood;3.6;GMR;2.8, 4.4;95% CI;1.206896552;Approx. CmaxR;;;0;inf;146;inf;h;;500;;mg;PO;S0-T12-R14;h;MD, bid for 7 days;clarithromycin;;;;;;;;
2026;Quinney 2008;https://www.ncbi.nlm.nih.gov/pubmed/17635500;iv Midazolam Male after clarithromycin;Midazolam;Clarithromycin;IV;PO;Whole Blood;2.9;GMR;2.0, 3.7;95% CI;1.118644068;Approx. CmaxR;;;0;inf;146;inf;h;;500;;mg;PO;S0-T12-R14;h;MD, bid for 7 days;clarithromycin;;;;;;;;
2027;Quinney 2008;https://www.ncbi.nlm.nih.gov/pubmed/17635500;iv Midazolam All after clarithromycin;Midazolam;Clarithromycin;IV;PO;Whole Blood;3.2;GMR;2.7, 3.8;95% CI;1.172413793;Approx. CmaxR;;;0;inf;146;inf;h;;500;;mg;PO;S0-T12-R14;h;MD, bid for 7 days;clarithromycin;;;;;;;;
2028;Quinney 2008;https://www.ncbi.nlm.nih.gov/pubmed/17635500;po Midazolam Female after clarithromycin;Midazolam;Clarithromycin;PO;PO;Whole Blood;8.2;GMR;4.8, 11.6;95% CI;2.833333333;Approx. CmaxR;;;0;inf;146;inf;h;;500;;mg;PO;S0-T12-R14;h;MD, bid for 7 days;clarithromycin;;;;;;;;
2029;Quinney 2008;https://www.ncbi.nlm.nih.gov/pubmed/17635500;po Midazolam Male after clarithromycin;Midazolam;Clarithromycin;PO;PO;Whole Blood;7.7;GMR;4.5, 11;95% CI;2.583333333;Approx. CmaxR;;;0;inf;146;inf;h;;500;;mg;PO;S0-T12-R14;h;MD, bid for 7 days;clarithromycin;;;;;;;;
2030;Quinney 2008;https://www.ncbi.nlm.nih.gov/pubmed/17635500;po Midazolam All after clarithromycin;Midazolam;Clarithromycin;PO;PO;Whole Blood;8;GMR;5.7, 10.2;95% CI;2.75;Approx. CmaxR;;;0;inf;146;inf;h;;500;;mg;PO;S0-T12-R14;h;MD, bid for 7 days;clarithromycin;;;;;;;;
1097;Prueksaritanont 2017;https://www.ncbi.nlm.nih.gov/pubmed/27943276;Midazolam in microdosecocktail + Itraconazole;Midazolam;Itraconazole;PO;PO;Plasma;7.04;Geom. mean;4.58 - 10.81;90% CI;3.71;Geom. mean;3.38 - 4.09;90% CI;0;inf;72;inf;h;Also available: ratio for AUC(0-last): geom. Mean (GMR) (90% CI) in pg*h/ml: 6.80 (4.52 - 10.23);200;;mg;PO;(S0-T24-R5);h;MD, q.d. for 5 days;itraconazole;10 mg/mL oral solution;;;;;;;
1098;Prueksaritanont 2017;https://www.ncbi.nlm.nih.gov/pubmed/27943276;Midazolam in microdosecocktail + Rifampin;Midazolam;Rifampin;PO;PO;Plasma;0.94;Geom. mean;0.66 - 1.35;90% CI;1.3;Geom. mean;1.16 - 1.46;90% CI;0;inf;0;inf;h;Also available: ratio for AUC(0-last): geom. Mean (GMR) (90% CI) in pg*h/ml: 0.86 (0.62 - 1.20);600;;mg;PO;0;h;SD;rifampin;USP 300 mg capsules;;;;;;;
1099;Prueksaritanont 2017;https://www.ncbi.nlm.nih.gov/pubmed/27943276;Midazolam in microdosecocktail + Clarithromycin;Midazolam;Clarithromycin;PO;PO;Plasma;4.84;Geom. mean;3.21 - 7.29;90% CI;2.69;Geom. mean;2.47 - 2.93 ;90% CI;0;inf;72;inf;h;Also available: ratio for AUC(0-last): geom. Mean (GMR) (90% CI) in pg*h/ml: 4.71 (3.20 - 6.96);500;;mg;PO;(S0-T12-R10);h;MD, b.i.d. (approx. every 12 h) for 5 days;clarithromycin;USP 500 mg tablets;;;;;;;
389;Phimmasone 2001;https://www.ncbi.nlm.nih.gov/pubmed/11753266;with Perpetrator (Rifampicin);Midazolam;Rifampicin;IV;PO;Plasma;0.51;arith. mean;;;;;;;0;inf;106;inf;h;;600;;mg;PO;0-24-48-72-96;h;MD;rifampin;;;;in the evening;;;;
391;Phimmasone 2001;https://www.ncbi.nlm.nih.gov/pubmed/11753266;with Perpetrator (Rifampicin);Alfentanil;Rifampicin;IV;PO;Plasma;0.55;arith. mean;;;;;;;0;inf;107;inf;h;;600;;mg;PO;0-24-48-72-96;h;MD;rifampin;;;;in the evening;;;;
757;Phillips 1986;https://www.ncbi.nlm.nih.gov/pubmed/3771812;Triazolam after 3 days of erythromycin;Triazolam;Erythromycin;PO;PO;Plasma;2.059701;Approx. Avg;;;1.464286;Approx. Avg;;;0;inf;64;inf;h;Time of triazolam administration relative to erythromycin administration not reported, both drugs were assumed to be taken at the same time;333;;mg;PO;0-8-16-24-32-40-48-56-64;h;MD TID;;E-Mycin;;;;;;;
377;Olkkola 1996;https://www.ncbi.nlm.nih.gov/pubmed/8623953;day 1 (po) with Perpetrator (Itraconazole);Midazolam;Itraconazole;PO;PO;Plasma;3.4;arith. mean;;;1.8;arith. Mean;;;0;inf;2;inf;h;;200;;mg;PO;0;h;SD;;;;;;;;;
378;Olkkola 1996;https://www.ncbi.nlm.nih.gov/pubmed/8623953;day 4 (iv) with Perpetrator (Itraconazole);Midazolam;Itraconazole;IV;PO;Plasma;3.225806452;Approx. Avg;;;;;;;0;inf;74;inf;h;;200;;mg;PO;0-24-48-72;h;MD;;;;;;;;;
379;Olkkola 1996;https://www.ncbi.nlm.nih.gov/pubmed/8623953;day 6 (po) with Perpetrator (Itraconazole);Midazolam;Itraconazole;PO;PO;Plasma;6.6;arith. mean;;;2.5;arith. Mean;;;0;inf;122;inf;h;;200;;mg;PO;0-24-48-72-96-120;h;MD;;;;;;;;;
380;Olkkola 1996;https://www.ncbi.nlm.nih.gov/pubmed/8623953;day 1 (po) with Perpetrator (Fluconazole);Midazolam;Fluconazole;PO;PO;Plasma;2.5;arith. mean;;;2.5;arith. Mean;;;0;inf;2;inf;h;;400;;mg;PO;0;h;MD;;;;;;;;;
381;Olkkola 1996;https://www.ncbi.nlm.nih.gov/pubmed/8623953;day 4 (iv) with Perpetrator (Fluconazole);Midazolam;Fluconazole;IV;PO;Plasma;2.040816327;Approx. Avg;;;;;;;0;inf;74;inf;h;;400/200;;mg;PO;400: 0, 200: 24-48-72;h;MD;;;;;;;;;
382;Olkkola 1996;https://www.ncbi.nlm.nih.gov/pubmed/8623953;day 6 (po) with Perpetrator (Fluconazole);Midazolam;Fluconazole;PO;PO;Plasma;3.6;arith. mean;;;1.7;arith. Mean;;;0;inf;122;inf;h;;400/200;;mg;PO;400: 0, 200: 24-48-72-96-120;h;MD;;;;;;;;;
370;Olkkola 1994;https://www.ncbi.nlm.nih.gov/pubmed/8181191;po with Perpetrator (Itraconazole);Midazolam;Itraconazole;PO;PO;Plasma;10.8;arith. mean;;;3.4;arith. Mean;;;0;inf;73;inf;h;;200;;mg;PO;0-24-48-72;h;MD;itraconazole;Sporanox, Orion;;;;Fasted;2;5;
371;Olkkola 1994;https://www.ncbi.nlm.nih.gov/pubmed/8181191;po with Perpetrator (Ketoconazole;Midazolam;Ketoconazole;PO;PO;Plasma;15.9;arith. mean;;;4.1;arith. Mean;;;0;inf;73;inf;h;;400;;mg;PO;0-24-48-72;h;MD;ketoconazole;Nizoral, Orion;;;;Fasted;2;5;
366;Olkkola 1993;https://www.ncbi.nlm.nih.gov/pubmed/8453848;po with Perpetrator (Erythromycin);Midazolam;Erythromycin;PO;PO;Plasma;4.067402;geo. Mean;0.71-12.0;Range;2.7;Approx. Avg;;;0;inf;128;inf;h;Individual AUC ratios extracted from Fig. 5, the geometric mean value listed here as calculated based on the extracted values;500;;mg;PO;(S0-T8-R16)-126-136-144-152-160;h;three times a day;erythromycin base;Etromycin, 500 mg enterotablet, Orion Pharmaceutical Company Ltd.;;200;;;;;
368;Olkkola 1993;https://www.ncbi.nlm.nih.gov/pubmed/8453848;iv with Perpetrator (Erythromycin);Midazolam;Erythromycin;IV;PO;Plasma;1.961934;geo. Mean;1.30-2.48;Range;;;;;0;inf;128;inf;h;Individual AUC ratios extracted from Fig. 5, the geometric mean value listed here as calculated based on the extracted values;500;;mg;PO;(S0-T8-R16)-126-136-144-152-160;h;three times a day;erythromycin base;Etromycin, 500 mg enterotablet, Orion Pharmaceutical Company Ltd.;;200;;;;;
362;Okudaira 2007;https://www.ncbi.nlm.nih.gov/pubmed/17585116;EM 2 with Perpetrator (Erythromycin);Midazolam;Erythromycin;PO;PO;Plasma;1.16;arith. mean;0.45;arith. SD;0.909090909;Approx. Avg;;;0;inf;25;inf;h;"Reported values in the paper are dose-normalized; the values given here refer to the absolute doses and are not dose-normalized";200;;mg;PO;0-5-10.5-15-24-29-34.5-39;h;MD;erythromycin;Erythrocin Dainippon Pharmaceutical Co;;150;;Fed;;;standardized light breakfast at 07:20am
363;Okudaira 2007;https://www.ncbi.nlm.nih.gov/pubmed/17585116;EM 4 with Perpetrator (Erythromycin);Midazolam;Erythromycin;PO;PO;Plasma;1.69;arith. mean;0.8;arith. SD;1.2;Approx. Avg;;;0;inf;73;inf;h;"Reported values in the paper are dose-normalized; the values given here refer to the absolute doses and are not dose-normalized";200;;mg;PO;0-5-10.5-15-24-29-34.5-39-48-53-58.5-63-72-77-82.5-87;h;MD;erythromycin;Erythrocin Dainippon Pharmaceutical Co;;150;;Fed;;;standardized light breakfast at 07:20am
364;Okudaira 2007;https://www.ncbi.nlm.nih.gov/pubmed/17585116;EM 7 with Perpetrator (Erythromycin);Midazolam;Erythromycin;PO;PO;Plasma;1.69;arith. mean;0.7;arith. SD;1.172727273;Approx. Avg;;;0;inf;145;inf;h;"Reported values in the paper are dose-normalized; the values given here refer to the absolute doses and are not dose-normalized";200;;mg;PO;0-5-10.5-15-24-29-34.5-39-48-53-58.5-63-72-77-82.5-87-96-101-106.5-111-120-125-130.5-135-144-149-154.5-159;h;MD;erythromycin;Erythrocin Dainippon Pharmaceutical Co;;150;;Fed;;;standardized light breakfast at 07:20am
1078;Neuvonen 1996;https://www.ncbi.nlm.nih.gov/pubmed/8841155;Treatment phase (triazolam + ITZ simultaneously);Triazolam;Itraconazole;PO;PO;Plasma;3.11;Arith. mean;;;1.41;arith. Mean;;;0;inf;0;inf;h;AUC and Cmax ratio taken from percentage change listed in Tab. 1;200;;mg;PO;0;h;SD;;Sporanox, Janssen Pharma, Beerse, Belgium;;150;;fed;3;4;itraconazole dose was taken 3 h after lunch, the use of alcohol, tea, coffee, and cola was not allowed during the test days
1079;Neuvonen 1996;https://www.ncbi.nlm.nih.gov/pubmed/8841155;Treatment phase (triazolam + ITZ 3 hr before);Triazolam;Itraconazole;PO;PO;Plasma;4.79;Arith. mean;;;1.76;arith. Mean;;;0;inf;3;inf;h;AUC and Cmax ratio taken from percentage change listed in Tab. 1;200;;mg;PO;0;h;SD;;Sporanox, Janssen Pharma, Beerse, Belgium;;150;;fed;0;;itraconazole dose was taken after lunch, the use of alcohol, tea, coffee, and cola was not allowed during the test days
1080;Neuvonen 1996;https://www.ncbi.nlm.nih.gov/pubmed/8841155;Treatment phase (triazolam + ITZ 12 hr before);Triazolam;Itraconazole;PO;PO;Plasma;4.63;Arith. mean;;;1.76;arith. Mean;;;0;inf;12;inf;h;AUC and Cmax ratio taken from percentage change listed in Tab. 1;200;;mg;PO;0;h;SD;;Sporanox, Janssen Pharma, Beerse, Belgium;;150;;fed;0;;itraconazole dose was taken with a snack, the use of alcohol, tea, coffee, and cola was not allowed during the test days
1081;Neuvonen 1996;https://www.ncbi.nlm.nih.gov/pubmed/8841155;Treatment phase (triazolam + ITZ 24 hr before);Triazolam;Itraconazole;PO;PO;Plasma;3.82;Arith. mean;;;1.71;arith. Mean;;;0;inf;24;inf;h;AUC and Cmax ratio taken from percentage change listed in Tab. 1;200;;mg;PO;0;h;SD;;Sporanox, Janssen Pharma, Beerse, Belgium;;150;;fed;0;;itraconazole dose was taken with a snack, the use of alcohol, tea, coffee, and cola was not allowed during the test days
573;Neely 2010;https://www.ncbi.nlm.nih.gov/pubmed/20823282;Study arm B (Raltegravir 400mg OD + Atazanavir 400 mg OD);Raltegravir;Atazanavir;PO;PO;Plasma;1.72;geo. Mean;0.79-3.75;90% CI;1.37;geo. Mean;0.62-3.02;90% CI;168;180;168;192;h;;400;;mg;PO;0-24-48-72-96-120-144-168;h;MD QD;;;;;Capsule;Semifasted;1;2;
2044;Mikus 2017;https://www.ncbi.nlm.nih.gov/pubmed/28194792;Efavirenz + Midazolam PO day 1;Midazolam;Efavirenz;PO;PO;Plasma;0.5905511;Geom. mean;;;;;;;0;6;12;18;h;;400;;mg;PO;0;h;;;;;;;;;;
2045;Mikus 2017;https://www.ncbi.nlm.nih.gov/pubmed/28194792;Efavirenz + Midazolam IV day 1;Midazolam;Efavirenz;IV;PO;Plasma;0.78537735;Geom. mean;;;;;;;6;14;18;26;h;;400;;mg;PO;;;;;;;;;;;;
2047;Mikus 2017;https://www.ncbi.nlm.nih.gov/pubmed/28194792;Efavirenz + Midazolam PO day 6;Midazolam;Efavirenz;PO;PO;Plasma;0.6141732;Geom. mean;;;;;;;0;6;132;138;h;;400;;mg;PO;;;;;;;;;;;;
2048;Mikus 2017;https://www.ncbi.nlm.nih.gov/pubmed/28194792;Efavirenz + Midazolam IV day 6;Midazolam;Efavirenz;IV;PO;Plasma;0.7771226;Geom. mean;;;;;;;6;14;138;146;h;;400;;mg;PO;;;;;;;;;;;;
2049;Mikus 2017;https://www.ncbi.nlm.nih.gov/pubmed/28194792;Efavirenz + Midazolam PO day 11;Midazolam;Efavirenz;PO;PO;Plasma;0.769685;Geom. mean;;;;;;;0;6;252;258;h;;400;;mg;PO;;;;;;;;;;;;
2050;Mikus 2017;https://www.ncbi.nlm.nih.gov/pubmed/28194792;Efavirenz + Midazolam IV day 11;Midazolam;Efavirenz;IV;PO;Plasma;0.9375;Geom. mean;;;;;;;6;14;258;266;h;;400;;mg;PO;;;;;;;;;;;;
2051;Mikus 2017;https://www.ncbi.nlm.nih.gov/pubmed/28194792;Efavirenz + Midazolam PO day 16;Midazolam;Efavirenz;PO;PO;Plasma;0.7480314;Geom. mean;;;;;;;0;6;372;378;h;;400;;mg;PO;;;;;;;;;;;;
2052;Mikus 2017;https://www.ncbi.nlm.nih.gov/pubmed/28194792;Efavirenz + Midazolam IV day 16;Midazolam;Efavirenz;IV;PO;Plasma;0.8537735;Geom. mean;;;;;;;6;14;378;386;h;;400;;mg;PO;;;;;;;;;;;;
2053;Mikus 2017;https://www.ncbi.nlm.nih.gov/pubmed/28194792;Efavirenz + Midazolam PO  day 22;Midazolam;Efavirenz;PO;PO;Plasma;0.8366141;Geom. mean;;;;;;;0;6;516;522;h;;400;;mg;PO;;;;;;;;;;;;
2054;Mikus 2017;https://www.ncbi.nlm.nih.gov/pubmed/28194792;Efavirenz + Midazolam IV  day 22;Midazolam;Efavirenz;IV;PO;Plasma;0.9221698;Geom. mean;;;;;;;6;14;522;530;h;;400;;mg;PO;;;;;;;;;;;;
354;Markert 2013;https://www.ncbi.nlm.nih.gov/pubmed/23748747;with Perpetrator (Clarithromycin);Midazolam;Clarithromycin;PO;PO;Plasma;5.555555556;geo. Mean?;4.76190476190476-6.66666666666667;;;;;;0;inf;72.25;inf;h;from metabolic clearance ratio;500;;mg;PO;(S-0,T-12,R-8);h;MD;;Klacid Pro;;;;;;;
342;Link 2008;https://www.ncbi.nlm.nih.gov/pubmed/18537963;iv with Perpetrator (Rifampicin);Midazolam;Rifampicin;IV;PO;Plasma;0.655007949;Approx. Median;;;1.105960265;Approx. Median;;;0;inf;144;inf;h;;600;;mg;PO;0-24-48-72-96-120;h;MD;rifampicin;Rimactan®, 600 mg coated tablet, Medika AG,;;;in the morning;;;;
344;Link 2008;https://www.ncbi.nlm.nih.gov/pubmed/18537963;po with Perpetrator (Rifampicin);Midazolam;Rifampicin;PO;PO;Plasma;0.015549077;Approx. Median;;;0.034865293;Approx. Median;;;0;inf;144;inf;h;;600;;mg;PO;0-24-48-72-96-120;h;MD;rifampicin;Rimactan®, 600 mg coated tablet, Medika AG,;;;in the morning;;;;
337;Larsen 2007;https://www.ncbi.nlm.nih.gov/pubmed/17365992;with Perpetrator (Rifampicin);Digoxin;Rifampicin;PO;0;Serum;0.817346939;Approx. Avg;;;;;;;0;inf;144;inf;h;;600;;mg;;0-24-48-72-96-120;h;MD;;;;;;;;;
338;Larsen 2007;https://www.ncbi.nlm.nih.gov/pubmed/17365992;with Perpetrator (Ketoconazole);Digoxin;Ketoconazole;PO;0;Serum;1.091836735;Approx. Avg;;;;;;;0;inf;96;inf;h;;200;;mg;;0-24-48-72;h;MD;;;;;;;;;
331;Lamberg 1998c;https://www.ncbi.nlm.nih.gov/pubmed/9663178;with Perpetrator (Verapamil);Buspirone;Verapamil;PO;PO;Plasma;3.4;;;;3.4;;;;0;inf;30;inf;h;;80;;mg;PO;0-5-12-24-29;h;SD;;Verapamil tablet Orion;;150;;Fasted;2;3;wrt. administration of buspirone
333;Lamberg 1998c;https://www.ncbi.nlm.nih.gov/pubmed/9663178;with Perpetrator (Diltiazem);Buspirone;Diltiazem;PO;PO;Plasma;5.5;;;;4.1;;;;0;inf;30;inf;h;;60;;mg;PO;0-5-12-24-29;h;SD;;Diltiazem tablet Orion;;150;;Fasted;2;3;wrt. administration of buspirone
329;Lamberg 1998b;https://www.ncbi.nlm.nih.gov/pubmed/9578186;with Perpetrator (Rifampicin);Buspirone;Rifampicin;PO;PO;Plasma;0.104;;0.063-0.145;95% CI;0.163;;0.101-0.226;95% CI;0;inf;113;inf;h;;30;;mg;PO;0-24-48-72-96;h;SD;;Rimapen Orion;;150;;Fasted;2;3;wrt. administration of buspirone
327;Lamberg 1998a;https://www.ncbi.nlm.nih.gov/pubmed/9923581;with Perpetrator (Fluvoxamine);Buspirone;Fluvoxamine;PO;PO;Plasma;2.35;;0.75-4.69;Range;2.01;;0.69-3.96;Range;0;inf;114;inf;h;;100;;mg;PO;0-24-48-72-96;h;SD;;Fevarin;;150;;Fasted;2;3;wrt. administration of buspirone
1087;Lam 2003;https://www.ncbi.nlm.nih.gov/pubmed/14551182;Midazolam after Ketoconazole;Midazolam;Ketoconazole;PO;PO;Plasma;8.72;mean percent change;5.96;SD;3.68;mean percent change;2.22;SD;0;inf;265;inf;h;;200;;mg;;(S0-T24-R12);h;MD, once daily;ketoconazole;;;;;;;;
1089;Lam 2003;https://www.ncbi.nlm.nih.gov/pubmed/14551182;Midazolam after Fluvoxamine;Midazolam;Fluvoxamine;PO;PO;Plasma;1.66;mean percent change;0.8;SD;1.63;mean percent change;1.07;SD;0;inf;265;inf;h;;50/100;;mg;;(S0-T12-R23);h;MD, twice daily, titrated from 50 mg bid to 100 mg bid 100 mg bid administered for 6 days;fluvoxamine;;;;;;;;
575;Krishna 2016;https://www.ncbi.nlm.nih.gov/pubmed/27696440;Period 2, Day 7 (1200 mg raltegravir SD with OD doses of 400 mg ATV);Raltegravir;Atazanavir;PO;PO;Plasma;1.67;geo. Mean;1.34-2.10;90% CI;1.16;geo. Mean;1.01-1.33;90% CI;0;inf;144;inf;h;;400;;mg;PO;0-24-48-72-96-120-144-168-192;h;MD QD;;;;;;Fed;;;standard moderate-fat breakfast
318;Kivistö 1997;https://www.ncbi.nlm.nih.gov/pubmed/9333111;with Perpetrator (Erythromycin);Buspirone;Erythromycin;PO;PO;Plasma;5.9;;;;5;;;;0;inf;79;inf;h;;500;;mg;PO;0-6-14-24-30-38-48-54-62-72-78;h;MD;erythromycin base;Ery-Max 250 mg enterocapsule;;150;;Fasted;2;3;wrt. administration of buspirone
320;Kivistö 1997;https://www.ncbi.nlm.nih.gov/pubmed/9333111;with Perpetrator (Itraconazole);Buspirone;Itraconazole;PO;PO;Plasma;19.20;;;;13.40;;;;0;inf;79;inf;h;;100;;mg;PO;0-6-24-30-48-54-72-78;h;MD;;Sporanox;;150;;Fasted;2;3;wrt. administration of buspirone
314;Kirby 2012;https://www.ncbi.nlm.nih.gov/pubmed/22190694;Study 1 - Staggered Administration with RIF;Digoxin;Rifampicin;PO;PO;Plasma;0.81;geo. Mean;;;0.78;geo. Mean;;;0;inf;324;inf;h;;600;;mg;PO;(S0-T24-R14);h;QD;rifampin;300-mg capsules Novartis;;;;;;;
316;Kirby 2012;https://www.ncbi.nlm.nih.gov/pubmed/22190694;Study 2 - Simultaneous Administration with RIF;Digoxin;Rifampicin;PO;PO;Plasma;1.25;geo. Mean;;;1.55;geo. Mean;;;0;inf;360;inf;h;;600;;mg;PO;(S0-T24-R14);h;QD;rifampin;300-mg capsules Novartis;;;;;;;
2035;Kim 2018;https://www.ncbi.nlm.nih.gov/pubmed/28877336;Midazolam + Ketoconazole Male;Midazolam;Ketoconazole;IV;PO;Plasma;2.89;geom. Mean (GMR);2.57 - 3.25;90% CI;;;;;0;inf;72;inf;h;;400;;mg;PO;S0-T24-R4;h;MD, q.d. for 4 days;ketoconazole;oral formulation;;;;;;;
2036;Kim 2018;https://www.ncbi.nlm.nih.gov/pubmed/28877336;Midazolam + Rifampicin Male;Midazolam;Rifampicin;IV;PO;Plasma;0.46;geom. Mean (GMR);0.41 - 0.51;90% CI;;;;;0;inf;216;inf;h;;600;;mg;PO;S0-T24-R10;h;MD, q.d. for 10 days;rifampicin;oral formulation;;;;;;;
2038;Kim 2018;https://www.ncbi.nlm.nih.gov/pubmed/28877336;Midazolam + Ketoconazole Female;Midazolam;Ketoconazole;IV;PO;Plasma;4.77;geom. Mean (GMR);4.52 - 5.03;90% CI;;;;;0;inf;72;inf;h;;400;;mg;PO;S0-T24-R4;h;MD, q.d. for 4 days;ketoconazole;oral formulation;;;;;;;
2039;Kim 2018;https://www.ncbi.nlm.nih.gov/pubmed/28877336;Midazolam + Rifampicin Female;Midazolam;Rifampicin;IV;PO;Plasma;0.49;geom. Mean (GMR);0.46 - 0.53;90% CI;;;;;0;inf;216;inf;h;;600;;mg;PO;S0-T24-R10;h;MD, q.d. for 10 days;rifampicin;oral formulation;;;;;;;
801;Kharasch 2012;https://www.ncbi.nlm.nih.gov/pubmed/22398970;Alfenatil PO + efavirenz;Alfentanil;Efavirenz;PO;PO;Plasma;0.22;Geom. mean;0.16-0.30;90% CI;0.4285714;Approx. Avg;;;0;inf;336.5;inf;h;Administration time of alfenatil relative to efavirenz administration was not reported, here, it was assumed that alfentanil was dosed 30 min after efavirenz administration;600;;mg;PO;0-24-48-72-96-120-144-168-192-216-240-264-288-312-336-360-384-408-432-456;h;MD QD;;;;;;;;;
803;Kharasch 2012;https://www.ncbi.nlm.nih.gov/pubmed/22398970;Alfenatil IV + efavirenz;Alfentanil;Efavirenz;IV;PO;Plasma;0.54;Geom. mean;0.47-0.62;90% CI;1.097826;Approx. Avg;;;0;inf;360.5;inf;h;Administration time of alfenatil relative to efavirenz administration was not reported, here, it was assumed that alfentanil was dosed 30 min after efavirenz administration;600;;mg;PO;0-24-48-72-96-120-144-168-192-216-240-264-288-312-336-360-384-408-432-456;h;MD QD;;;;;;;;;
761;Kharasch 2011b;https://www.ncbi.nlm.nih.gov/pmc/articles/PMC3584707/;Alfentanil IV Grapefruit coadmin sequential;Alfentanil;Grapefruit juice;IV;PO;Plasma;1;Geom. mean;0.9-1.0;90% CI;;;;;0;inf;0;inf;h;;8;;oz;PO;0;h;;;;;;;;;;
762;Kharasch 2011b;https://www.ncbi.nlm.nih.gov/pmc/articles/PMC3584707/;Alfentanil IV Ketoconazole coadmin sequential;Alfentanil;Ketoconazole;IV;PO;Plasma;2.4;Geom. mean;;;;;;;0;inf;60;inf;h;calculated as reported AUCR*Dose(under Keto coadmin)/Dose(control);400;;mg;PO;0-24-48-72;h;MD QD;;;;;;;;;
763;Kharasch 2011b;https://www.ncbi.nlm.nih.gov/pmc/articles/PMC3584707/;Alfentanil IV Rifampin coadmin sequential;Alfentanil;Rifampicin;IV;PO;Plasma;0.4;Geom. mean;0.3-0.4;90% CI;;;;;0;inf;108;inf;h;;600;;mg;PO;0-24-48-72-96-120;h;MD QD;;;;;;;;;
765;Kharasch 2011b;https://www.ncbi.nlm.nih.gov/pmc/articles/PMC3584707/;Alfentanil IV Grapefruit coadmin simultaneous;Alfentanil;Grapefruit juice;IV;PO;Plasma;1.2;Geom. mean;1.1-1.2;90% CI;;;;;0;inf;24;inf;h;;8;;oz;PO;0;h;;;;;;;;;;
766;Kharasch 2011b;https://www.ncbi.nlm.nih.gov/pmc/articles/PMC3584707/;Alfentanil IV Ketoconazole coadmin simultaneous;Alfentanil;Ketoconazole;IV;PO;Plasma;2.5;Geom. mean;;;;;;;0;inf;84;inf;h;calculated as reported AUCR*Dose(under Keto coadmin)/Dose(control);400;;mg;PO;0-24-48-72;h;MD QD;;;;;;;;;
767;Kharasch 2011b;https://www.ncbi.nlm.nih.gov/pmc/articles/PMC3584707/;Alfentanil IV Rifampin coadmin simultaneous;Alfentanil;Rifampicin;IV;PO;Plasma;0.4;Geom. mean;0.2-0.7;90% CI;;;;;0;inf;132;inf;h;;600;;mg;PO;0-24-48-72-96-120;h;MD QD;;;;;;;;;
769;Kharasch 2011b;https://www.ncbi.nlm.nih.gov/pmc/articles/PMC3584707/;Alfentanil PO Grapefruit coadmin sequential;Alfentanil;Grapefruit juice;PO;PO;Plasma;1.7;Geom. mean;1.5-1.7;90% CI;;;;;0;inf;0;inf;h;;8;;oz;PO;0;h;;;;;;;;;;
770;Kharasch 2011b;https://www.ncbi.nlm.nih.gov/pmc/articles/PMC3584707/;Alfentanil PO Ketoconazole coadmin sequential;Alfentanil;Ketoconazole;PO;PO;Plasma;2.3;Geom. mean;;;;;;;0;inf;63;inf;h;calculated as reported AUCR*Dose(under Keto coadmin)/Dose(control);400;;mg;PO;0-24-48-72;h;MD QD;;;;;;;;;
771;Kharasch 2011b;https://www.ncbi.nlm.nih.gov/pmc/articles/PMC3584707/;Alfentanil PO Rifampin coadmin sequential;Alfentanil;Rifampicin;PO;PO;Plasma;0.06;Geom. mean;0.05-0.07;90% CI;;;;;0;inf;111;inf;h;;600;;mg;PO;0-24-48-72-96-120;h;MD QD;;;;;;;;;
773;Kharasch 2011b;https://www.ncbi.nlm.nih.gov/pmc/articles/PMC3584707/;Alfentanil PO Grapefruit coadmin simultaneous;Alfentanil;Grapefruit juice;PO;PO;Plasma;2.2;Geom. mean;1.9-2.5;90% CI;;;;;0;inf;21;inf;h;;8;;oz;PO;0;h;;;;;;;;;;
774;Kharasch 2011b;https://www.ncbi.nlm.nih.gov/pmc/articles/PMC3584707/;Alfentanil PO Ketoconazole coadmin simultaneous;Alfentanil;Ketoconazole;PO;PO;Plasma;3;Geom. mean;;;;;;;0;inf;84;inf;h;calculated as reported AUCR*Dose(under Keto coadmin)/Dose(control);400;;mg;PO;0-24-48-72;h;MD QD;;;;;;;;;
775;Kharasch 2011b;https://www.ncbi.nlm.nih.gov/pmc/articles/PMC3584707/;Alfentanil PO Rifampin coadmin simultaneous;Alfentanil;Rifampicin;PO;PO;Plasma;0.06;Geom. mean;0.01-0.22;90% CI;;;;;0;inf;132;inf;h;;600;;mg;PO;0-24-48-72-96-120;h;MD QD;;;;;;;;;
294;Kharasch 2011;https://www.ncbi.nlm.nih.gov/pubmed/21562488;iv with Perpetrator (Rifampicin @ 5 mg);Midazolam;Rifampicin;IV;PO;Plasma;0.84;geo. Mean;0.13;+/- 90%CI;1.03225806;arith. Mean;;;0;inf;108;inf;h;;5;;mg;PO;0-24-48-72-96-120;h;MD;rifampin;capsules;;;at bedtime;;;;
295;Kharasch 2011;https://www.ncbi.nlm.nih.gov/pubmed/21562488;iv with Perpetrator (Rifampicin @ 10 mg);Midazolam;Rifampicin;IV;PO;Plasma;0.77;geo. Mean;0.12;+/- 90%CI;1.064516129;arith. Mean;;;0;inf;108;inf;h;;10;;mg;PO;0-24-48-72-96-120;h;MD;rifampin;capsules;;;at bedtime;;;;
296;Kharasch 2011;https://www.ncbi.nlm.nih.gov/pubmed/21562488;iv with Perpetrator (Rifampicin @ 25 mg);Midazolam;Rifampicin;IV;PO;Plasma;0.63;geo. Mean;0.11;+/- 90%CI;0.838709677;arith. Mean;;;0;inf;108;inf;h;;25;;mg;PO;0-24-48-72-96-120;h;MD;rifampin;capsules;;;at bedtime;;;;
297;Kharasch 2011;https://www.ncbi.nlm.nih.gov/pubmed/21562488;iv with Perpetrator (Rifampicin @ 75 mg);Midazolam;Rifampicin;IV;PO;Plasma;0.6;geo. Mean;0.12;+/- 90%CI;1.322580645;arith. Mean;;;0;inf;108;inf;h;;75;;mg;PO;0-24-48-72-96-120;h;MD;rifampin;capsules;;;at bedtime;;;;
299;Kharasch 2011;https://www.ncbi.nlm.nih.gov/pubmed/21562488;iv with Perpetrator (Rifampicin @ 5 mg);Alfentanil;Rifampicin;IV;PO;Plasma;0.83;geo. Mean;0.16;+/- 90%CI;1.039215686;arith. Mean;;;0;inf;109;inf;h;;5;;mg;PO;0-24-48-72-96-120;h;MD;rifampin;capsules;;;at bedtime;;;;
300;Kharasch 2011;https://www.ncbi.nlm.nih.gov/pubmed/21562488;iv with Perpetrator (Rifampicin @ 10 mg);Alfentanil;Rifampicin;IV;PO;Plasma;0.75;geo. Mean;0.15;+/- 90%CI;1.049019608;arith. Mean;;;0;inf;109;inf;h;;10;;mg;PO;0-24-48-72-96-120;h;MD;rifampin;capsules;;;at bedtime;;;;
301;Kharasch 2011;https://www.ncbi.nlm.nih.gov/pubmed/21562488;iv with Perpetrator (Rifampicin @ 25 mg);Alfentanil;Rifampicin;IV;PO;Plasma;0.59;geo. Mean;0.12;+/- 90%CI;1;arith. Mean;;;0;inf;109;inf;h;;25;;mg;PO;0-24-48-72-96-120;h;MD;rifampin;capsules;;;at bedtime;;;;
302;Kharasch 2011;https://www.ncbi.nlm.nih.gov/pubmed/21562488;iv with Perpetrator (Rifampicin @ 75 mg);Alfentanil;Rifampicin;IV;PO;Plasma;0.51;geo. Mean;0.12;+/- 90%CI;1.029411765;arith. Mean;;;0;inf;109;inf;h;;75;;mg;PO;0-24-48-72-96-120;h;MD;rifampin;capsules;;;at bedtime;;;;
304;Kharasch 2011;https://www.ncbi.nlm.nih.gov/pubmed/21562488;po with Perpetrator (Rifampicin @ 5 mg);Midazolam;Rifampicin;PO;PO;Plasma;0.8;geo. Mean;0.19;+/- 90%CI;0.8;arith. Mean;;;0;inf;132;inf;h;;5;;mg;PO;0-24-48-72-96-120;h;MD;rifampin;capsules;;;at bedtime;;;;
305;Kharasch 2011;https://www.ncbi.nlm.nih.gov/pubmed/21562488;po with Perpetrator (Rifampicin @ 10 mg);Midazolam;Rifampicin;PO;PO;Plasma;0.68;geo. Mean;0.17;+/- 90%CI;0.93333333;arith. Mean;;;0;inf;132;inf;h;;10;;mg;PO;0-24-48-72-96-120;h;MD;rifampin;capsules;;;at bedtime;;;;
306;Kharasch 2011;https://www.ncbi.nlm.nih.gov/pubmed/21562488;po with Perpetrator (Rifampicin @ 25 mg);Midazolam;Rifampicin;PO;PO;Plasma;0.4;geo. Mean;0.1;+/- 90%CI;0.506666667;arith. Mean;;;0;inf;132;inf;h;;25;;mg;PO;0-24-48-72-96-120;h;MD;rifampin;capsules;;;at bedtime;;;;
307;Kharasch 2011;https://www.ncbi.nlm.nih.gov/pubmed/21562488;po with Perpetrator (Rifampicin @ 75 mg);Midazolam;Rifampicin;PO;PO;Plasma;0.25;geo. Mean;0.09;+/- 90%CI;0.34;arith. Mean;;;0;inf;132;inf;h;;75;;mg;PO;0-24-48-72-96-120;h;MD;rifampin;capsules;;;at bedtime;;;;
309;Kharasch 2011;https://www.ncbi.nlm.nih.gov/pubmed/21562488;po with Perpetrator (Rifampicin @ 5 mg);Alfentanil;Rifampicin;PO;PO;Plasma;0.74;geo. Mean;0.16;+/- 90%CI;0.862745098;arith. Mean;;;0;inf;133;inf;h;;5;;mg;PO;0-24-48-72-96-120;h;MD;rifampin;capsules;;;at bedtime;;;;
310;Kharasch 2011;https://www.ncbi.nlm.nih.gov/pubmed/21562488;po with Perpetrator (Rifampicin @ 10 mg);Alfentanil;Rifampicin;PO;PO;Plasma;0.61;geo. Mean;0.23;+/- 90%CI;0.862745098;arith. Mean;;;0;inf;133;inf;h;;10;;mg;PO;0-24-48-72-96-120;h;MD;rifampin;capsules;;;at bedtime;;;;
311;Kharasch 2011;https://www.ncbi.nlm.nih.gov/pubmed/21562488;po with Perpetrator (Rifampicin @ 25 mg);Alfentanil;Rifampicin;PO;PO;Plasma;0.3;geo. Mean;0.1;+/- 90%CI;0.490196078;arith. Mean;;;0;inf;133;inf;h;;25;;mg;PO;0-24-48-72-96-120;h;MD;rifampin;capsules;;;at bedtime;;;;
312;Kharasch 2011;https://www.ncbi.nlm.nih.gov/pubmed/21562488;po with Perpetrator (Rifampicin @ 75 mg);Alfentanil;Rifampicin;PO;PO;Plasma;0.13;geo. Mean;0.06;+/- 90%CI;0.254901961;arith. Mean;;;0;inf;133;inf;h;;75;;mg;PO;0-24-48-72-96-120;h;MD;rifampin;capsules;;;at bedtime;;;;
280;Kharasch 2004;https://www.ncbi.nlm.nih.gov/pubmed/15536460;iv with Perpetrator (Rifampicin);Midazolam;Rifampicin;IV;PO;Plasma;0.521126761;Approx. Avg;;;1.009960159;Approx. CmaxR;;;0;inf;104;128;h;;600;;mg;PO;(S-0,T-24,R-6);h;MD OD;;;;;;;;;
283;Kharasch 2004;https://www.ncbi.nlm.nih.gov/pubmed/15536460;iv with Perpetrator (Rifampicin);Alfentanil;Rifampicin;IV;PO;Plasma;0.375;Approx. Avg;;;1.003325942;Approx. CmaxR;;;0;inf;105;129;h;;600;;mg;PO;(S-0,T-24,R-6);h;MD OD;;;;;;;;;
286;Kharasch 2004;https://www.ncbi.nlm.nih.gov/pubmed/15536460;po #1 with Perpetrator (Rifampicin);Midazolam;Rifampicin;PO;PO;Plasma;0.052631579;Approx. Avg;;;0.10989011;Approx. CmaxR;;;0;inf;128;inf;h;;600;;mg;PO;(S-0,T-24,R-6);h;MD OD;;;;;;;;;
288;Kharasch 2004;https://www.ncbi.nlm.nih.gov/pubmed/15536460;po #1 (60 µg/kg) with Perpetrator (Rifampicin);Alfentanil;Rifampicin;PO;PO;Plasma;0.045631068;Approx. Avg;;;0.111111111;Approx. CmaxR;;;0;inf;129;inf;h;;600;;mg;PO;(S-0,T-24,R-6);h;MD OD;;;;;;;;;
276;Kharasch 1997;https://www.ncbi.nlm.nih.gov/pubmed/9232132;with Perpetrator (Rifampicin);Midazolam;Rifampicin;IV;PO;Plasma;0.379310345;Approx. Avg;;;;;;;0;inf;120;inf;h;AUCR estimated from CL ratio;600;;mg;PO;0-24-48-72-96;h;MD;;;;;;;;;
278;Kharasch 1997;https://www.ncbi.nlm.nih.gov/pubmed/9232132;with Perpetrator (Rifampicin);Alfentanil;Rifampicin;IV;PO;Plasma;0.363013699;Approx. Avg;;;;;;;0;inf;120.5;inf;h;AUCR estimated from CL ratio;600;;mg;PO;0-24-48-72-96;h;MD;;;;;;;;;
642;Kasichayanula 2013a;https://www.ncbi.nlm.nih.gov/pubmed/23061428;Study 2: with Perpetrator (Mefenamic Acid);Dapagliflozin;Mefenamic Acid;PO;PO;Plasma;1.51;geo. Mean;1.44-1.58;90% CI;1.13;geo. Mean;1.03-1.24;90% CI;0;inf;24;inf;h;;500 / 250;;mg;PO;0-6-12-18-24-(S-30,T-6,R-11);h;first dose 500, then 250 mg;;;;;;Fed/Fasted;;;24h hour dose fasted, other fed
643;Kasichayanula 2013a;https://www.ncbi.nlm.nih.gov/pubmed/23061428;Study 1: with Perpetrator (Rifampicin);Dapagliflozin;Rifampicin;PO;PO;Plasma;0.78;geo. Mean;0.73-0.83;90% CI;0.93;geo. Mean;0.78-1.11;90% CI;0;inf;120;inf;h;;600;;mg;PO;0-24-48-72-96-120-144-168-192-216;h;OD;;;;;;;;;
2007;Kashuba 1998;https://www.ncbi.nlm.nih.gov/pubmed/9757149;Midazolam after Fluvoxamine;Midazolam;Fluvoxamine;IV;PO;Plasma;1.5;Approx. Avg;;;;;;;0;inf;517;inf;h;AUCR was calculated with CLiv values, 517 h is the mean of the two assessments (2 weeks / 4 weeks);50/100;;mg;PO;0-24-48-58-72-82-96-106-120-130-144-154-168-178-192-202-216-226-240-250-264-274-288-298-312-322-336-346-360-370-384-394-408-418-432-442-456-466-480-490-504-514-528-538-552-562-576-586-600-610-624-634-648;h;MD, twice a day for 4 weeks, dose titration to 150 mg/day over 7 days: 50 mg in the evening for 3 days, 50 mg in the morning and evening for the next 3 days, 50 mg in the morning and 100 mg in the evening for the remainder of the study.;fluvoxamine;50 mg fluvoxamine capsules (Luvox, lot number 87145, Solvay, Marietta, Ga.);;;;;;;
271;Jalava 1997;https://www.ncbi.nlm.nih.gov/pubmed/9421099;po with Perpetrator (Itraconazole);Digoxin;Itraconazole;PO;PO;Serum;168;arith. Mean;;;134;arith. Mean;;;0;inf;49;inf;h;;200;;mg;;0-24-48-72-96;;;;Sporanox 100-mg caps, Janssen Pharmaceuticals, Beerse, Belgium;;120;;;;;
571;Iwamoto 2008;https://www.ncbi.nlm.nih.gov/pubmed/18513146;Study I, Period 2 (ATV treatment);Raltegravir;Atazanavir;PO;PO;Plasma;1.72;geo. Mean;1.47-2.02;90% CI;1.53;geo. Mean;1.11-2.12;90% CI;0;inf;144;inf;h;;400;;mg;PO;0-24-48-72-96-120-144-168-192;h;MD QD;;;;;;Fed;;;
227;Gurley 2008b;https://www.ncbi.nlm.nih.gov/pubmed/18214850;with Perpetrator (Rifampicin);Digoxin;Rifampicin;PO;PO;Serum;0.69565217;Approx. Avg;;;0.615384615;arith. Mean;;;0;inf;146;inf;h;;300;;mg;PO;(S-0,T-12,R-14);h;MD;Rifampin;Rifadin®, Aventis Pharmaceuticals;;;twice daily;;;;
229;Gurley 2008b;https://www.ncbi.nlm.nih.gov/pubmed/18214850;with Perpetrator (Clarithomycin);Digoxin;Clarithromycin;PO;PO;Serum;1.46575342;Approx. Avg;;;1.75;arith. Mean;;;0;inf;144;inf;h;;500;;mg;PO;(S-0,T-12,R-14);h;MD;clarithromycin;Biaxin®, Abbott Laboratories;;;twice daily;;;;
221;Gurley 2008a;https://www.ncbi.nlm.nih.gov/pubmed/17495878;with Perpetrator (Rifampicin);Midazolam;Rifampicin;PO;PO;Plasma;0.06031746;Approx. Avg;;;0.107623318;arith. Mean;;;0;inf;146;inf;h;;300;;mg;PO;(S-0,T-12,R-14);h;MD;Rifampin;300mg, Rifadin®, Aventis Pharmaceuticals;;;twice daily;;;;
223;Gurley 2008a;https://www.ncbi.nlm.nih.gov/pubmed/17495878;with Perpetrator (Clarithomycin);Midazolam;Clarithromycin;PO;PO;Plasma;5.4833984;Approx. Avg;;;2.174329502;arith. Mean;;;0;inf;146;inf;h;;500;;mg;PO;(S-0,T-12,R-14);h;MD;clarithromycin;500 mg, Biaxin®, Abbott Laboratories;;;twice daily;;;;
215;Gurley 2006;https://www.ncbi.nlm.nih.gov/pubmed/16432272;with Perpetrator (Rifampicin);Midazolam;Rifampicin;PO;PO;Plasma;0.057160804;Approx. Avg;;;0.120915033;arith. Mean;;;0;inf;146;inf;h;;300;;mg;PO;(S-0,T-12,R-14);h;MD;Rifampin;300mg, Rifadin®, Aventis Pharmaceuticals;;;twice daily;;;;
217;Gurley 2006;https://www.ncbi.nlm.nih.gov/pubmed/16432272;with Perpetrator (Clarithomycin);Midazolam;Clarithromycin;PO;PO;Plasma;8.39285714;Approx. Avg;;;3.795597484;arith. Mean;;;0;inf;146;inf;h;;500;;mg;PO;(S-0,T-12,R-14);h;MD;clarithromycin;500 mg, Biaxin®, Abbott Laboratories;;;twice daily;;;;
191;Greiner 1999;https://www.ncbi.nlm.nih.gov/pubmed/10411543;po with Perpetrator (Rifampicin);Digoxin;Rifampicin;PO;PO;Plasma;0.697080292;Approx. Avg;;;0.481481481;Approx. Avg;;;0;inf;240;inf;h;;600;;mg;PO;0-(S24-T24-R15);h;MD;rifampin;RIFA Grünenthal GmbH;;;;;;;
193;Greiner 1999;https://www.ncbi.nlm.nih.gov/pubmed/10411543;iv with Perpetrator (Rifampicin);Digoxin;Rifampicin;IV;PO;Plasma;0.853379152;Approx. Avg;;;0.834008097;Approx. Avg;;;0;inf;240;inf;h;;600;;mg;PO;0-(S24-T24-R15);h;MD;rifampin;RIFA Grünenthal GmbH;;;;;;;
781;Greenblatt 1998a;https://www.ncbi.nlm.nih.gov/pubmed/9757151;Triazolam + Erythromycin (Trial D);Triazolam;Erythromycin;PO;PO;Plasma;3.65;Arith. Mean;0.42;Arith. SEM;1.768;Approx. Avg;;;0;inf;25;inf;h;;500;;mg;PO;0-8-24-33;h;MD, day1: 8 am., 4 pm., day2: 8 am., 5 pm.;;capsules;;;double blind design, medication were packaged identically in opaque capsules;Fed;;4;Light breakfast
1102;Greenblatt 1998a;https://www.ncbi.nlm.nih.gov/pubmed/9757151;Triazolam + Clarithromycin (Trial E);Triazolam;Clarithromycin;PO;PO;Plasma;5.06;arithm. Mean;0.44;Arith. SEM;1.968;Approx. Avg;;;0;inf;25;inf;h;;500;;mg;PO;0-8-24-33;h;MD, day1: 8 am., 4 pm., day2: 8 am., 5 pm.;;capsules;;;double blind design, medication were packaged identically in opaque capsules;fed;;4;Light breakfast
177;Gorski 2003;https://www.ncbi.nlm.nih.gov/pubmed/12966371;po with Perpetrator (Rifampicin);Midazolam;Rifampicin;PO;PO;Whole Blood;0.045348837;Approx. Avg;;;0.067039106;arith. Mean;;;0;inf;132;inf;h;from CL (L/hr/kg), Cmax dose-corrrected;600;;mg;PO;0-(S24-T24-R6);h;MD;;pill, INN, rifampicin;;;;;;;
179;Gorski 2003;https://www.ncbi.nlm.nih.gov/pubmed/12966371;iv with Perpetrator (Rifampicin);Midazolam;Rifampicin;IV;PO;Whole Blood;0.458333333;Approx. Avg;;;;;;;0;inf;132;inf;h;from CL (L/hr/kg);600;;mg;PO;0-(S24-T24-R6);h;MD;;pill, INN, rifampicin;;;;;;;
173;Gorski 1998;https://www.ncbi.nlm.nih.gov/pubmed/9728893;po with Perpetrator (Clarithromycin);Midazolam;Clarithromycin;PO;PO;Whole Blood;7.142857143;Approx. Avg;;;;;;;0;inf;146;inf;h;from CL (L/hr/kg);500;;mg;PO;0-(S12-T-12-R13);h;MD;;pill;;;;;;;
175;Gorski 1998;https://www.ncbi.nlm.nih.gov/pubmed/9728893;iv with Perpetrator (Clarithromycin);Midazolam;Clarithromycin;IV;PO;Whole Blood;2.666666667;Approx. Avg;;;;;;;0;inf;146;inf;h;from CL (L/hr/kg);500;;mg;PO;0-(S12-T-12-R13);h;MD;;pill;;;;;;;
2009;Gashaw 2003;https://www.ncbi.nlm.nih.gov/pubmed/?term=14586385;Alprazolam 10h concentration after Rifampin treatment (5 day rifampin treatment, day 7);Alprazolam;Rifampin;PO;PO;Plasma;0.1793478;Approx. Avg;;;;;;;0;inf;100;436;h;AUCR was calculated with estimated CLoral values estimated from 1 plasma sample;450;;mg;PO;0-14-38-62-86;h;MD, q.d. for 5 days;;Eremfat Fatol, Schiffweiler, Germany;;;;;;;
2010;Gashaw 2003;https://www.ncbi.nlm.nih.gov/pubmed/?term=14586385;Alprazolam 10h concentration after wash out (day 22);Alprazolam;Rifampin;PO;PO;Plasma;0.9166667;Approx. Avg;;;;;;;0;inf;436;inf;h;AUCR was calculated with estimated CLoral values estimated from 1 plasma sample;450;;mg;PO;0-14-38-62-86;h;MD, q.d. for 5 days;;Eremfat Fatol, Schiffweiler, Germany;;;;;;;
1104;Fleishaker 1994;https://www.ncbi.nlm.nih.gov/pubmed/8005185;Alprazolam + fluvoxamine;Alprazolam;Fluvoxamine;PO;PO;Plasma;1.255144033;Approx. Avg;;;1.176923077;Approx. CmaxR;;;0;5;144;149;h;Measurement documented with day 1,  actually is day 7 of study period;50/100;;mg;PO;S0-T24-R7;h;MD, 50 mg qd days 1-3, 100 mg qd days 4 -7;fluvoxamine maleate;oral capsules;;;for days 4-7: subjects took two 50 mg fluvoxamine maleate capsules;fed;;;The subjects ate standard meals at 07.00, 12.00, 18.00, and 22.00 h on all study days.
1106;Fleishaker 1994;https://www.ncbi.nlm.nih.gov/pubmed/8005185;Fluvoxamine + alprazolam;Fluvoxamine;Alprazolam;PO;PO;Plasma;0.920731707;Approx. Avg;;;0.962790698;Approx. CmaxR;;;0;inf;0;inf;h;Measurement on day 1;1;;mg;PO;144-149-154-159-168-173-178-183-192-197-202-207-216-221-226-231;h;MD, 4 times daily for 4 days (days 7-10 of the study period);alprazolam;oral tablet;;;;fed;;;The subjects ate standard meals at 07.00, 12.00, 18.00, and 22.00 h on all study days.
1113;Fleishaker 1994;https://www.ncbi.nlm.nih.gov/pubmed/8005185;Alprazolam + fluvoxamine (day 10);Alprazolam;Fluvoxamine;PO;PO;Plasma;1.963137996;Approx. Avg;;;1.861940466;Approx. CmaxR;;;72;96;216;240;h;AUCratio and Cmax ratio also available for Day1;50 mg QD (Days1-3), 100 mg QD (Days4-10);;mg;PO;S0-T24-R10;h;MD, QD;fluvoxamin maleate;;;;;fed;;;The subjects ate standard meals at 07.00, 12.00, 18.00, and 22.00 h on all study days.
1114;Fleishaker 1994;https://www.ncbi.nlm.nih.gov/pubmed/8005185;Fluvoxamine + alprazolam (day 10);Fluvoxamine;Alprazolam;PO;PO;Plasma;0.761066969;Approx. Avg;;;0.787512588;Approx. CmaxR;;;0;216;0;216;h;Measurement on day 10;1;;mg;PO;144-149-154-159-168-173-178-183-192-197-202-207-216-221-226-231;h;MD, 4 times daily for 4 days (days 7-10 of the study period);alprazolam;oral tablet;;;;fed;;;The subjects ate standard meals at 07.00, 12.00, 18.00, and 22.00 h on all study days.
129;Eap 2004;https://www.ncbi.nlm.nih.gov/pubmed/15114429;0.075 mg with Perpetrator (Rifampicin);Midazolam;Rifampicin;PO;PO;Plasma;0.441176471;Approx. Avg;;;0.225806452;Approx. Avg;;;0;inf;90;inf;h;;450;;mg;PO;(S-0,T-24,R-5);h;QD;;;;;;;;;
130;Eap 2004;https://www.ncbi.nlm.nih.gov/pubmed/15114429;0.075 mg with Perpetrator (Ketoconazole);Midazolam;Ketoconazole;PO;PO;Plasma;6.470588235;Approx. Avg;;;3.741935484;Approx. Avg;;;0;inf;48;inf;h;;200;;mg;PO;0-12-24-36;h;BID;;;;;;;;;
132;Eap 2004;https://www.ncbi.nlm.nih.gov/pubmed/15114429;7.5 mg with Perpetrator (Rifampicin);Midazolam;Rifampicin;PO;PO;Plasma;0.052238806;Approx. Avg;;;0.111538462;Approx. Avg;;;0;inf;114;inf;h;;450;;mg;PO;(S-0,T-24,R-5);h;QD;;;;;;;;;
113;Chung 2006;https://www.ncbi.nlm.nih.gov/pubmed/16580903;with Perpetrator (Rifampicin);Midazolam;Rifampicin;PO;PO;Plasma;0.124489796;Approx. Avg;;;0.169565217;Approx. CmaxR;;;0;inf;166;inf;h;;600;;mg;PO;(S-0,T-24,R-9);h;;300-mg capsules (UDL);;;;2x 300 mg capsules;;;;
114;Chung 2006;https://www.ncbi.nlm.nih.gov/pubmed/16580903;with Perpetrator (Ketoconazole);Midazolam;Ketoconazole;PO;PO;Plasma;9.510204082;Approx. Avg;;;2.391304348;Approx. CmaxR;;;0;inf;118;inf;h;;400;;mg;PO;(S-0,T-24,R-10);h;;200-mg tablets (Taro);;;;2x 200 mg tablets;;;;
116;Chung 2006;https://www.ncbi.nlm.nih.gov/pubmed/16580903;with Perpetrator (Rifampicin);Simvastatin;Rifampicin;PO;PO;Plasma;0.089655172;Approx. Avg;;;0.148648649;Approx. CmaxR;;;0;inf;190;inf;h;;600;;mg;PO;(S-0,T-24,R-9);h;;300-mg capsules (UDL);;;;2x 300 mg capsules;;;;
117;Chung 2006;https://www.ncbi.nlm.nih.gov/pubmed/16580903;with Perpetrator (Ketoconazole);Simvastatin;Ketoconazole;PO;PO;Plasma;12.55172414;Approx. Avg;;;7.432432432;Approx. CmaxR;;;0;inf;190;inf;h;;400;;mg;PO;(S-0,T-24,R-10);h;;200-mg tablets (Taro);;;;2x 200 mg tablets;;;;
2012;Chen 2006;https://www.ncbi.nlm.nih.gov/pubmed/16842393;Midazolam post treatment with fluvoxamine (28 days of fluvoxamine) overall;Midazolam;Fluvoxamine;IV;PO;Plasma;1.490566038;Arith. mean;;;;;;;0;inf;336;inf;h;AUCR was calculated with CLiv values;50/100;;mg;PO;0-24-48-58-72-82-96-106-120-130-144-154-168-178-192-202-216-226-240-250-264-274-288-298-312-322-336-346-360-370-384-394-408-418-432-442-456-466-480-490-504-514-528-538-552-562-576-586-600-610-624-634-648;h;MD, twice a day for 4 weeks, dose titration to 150 mg/day over 7 days: 50 mg in the evening for 3 days, 50 mg in the morning and evening for the next 3 days, 50 mg in the morning and 100 mg in the evening for the remainder of the study.;fluvoxamine;50 mg fluvoxamine capsules (Luvox, lot number 87145, Solvay, Marietta, Ga.);;;;;;;
2014;Chen 2006;https://www.ncbi.nlm.nih.gov/pubmed/16842393;Midazolam post treatment with fluvoxamine (28 days of fluvoxamine) Male;Midazolam;Fluvoxamine;IV;PO;Plasma;1.617021277;Arith. mean;;;;;;;0;inf;336;inf;h;AUCR was calculated with CLiv values;50/100;;mg;PO;0-24-48-58-72-82-96-106-120-130-144-154-168-178-192-202-216-226-240-250-264-274-288-298-312-322-336-346-360-370-384-394-408-418-432-442-456-466-480-490-504-514-528-538-552-562-576-586-600-610-624-634-648;h;MD, twice a day for 4 weeks, dose titration to 150 mg/day over 7 days: 50 mg in the evening for 3 days, 50 mg in the morning and evening for the next 3 days, 50 mg in the morning and 100 mg in the evening for the remainder of the study.;fluvoxamine;50 mg fluvoxamine capsules (Luvox, lot number 87145, Solvay, Marietta, Ga.);;;;;;;
2016;Chen 2006;https://www.ncbi.nlm.nih.gov/pubmed/16842393;Midazolam post treatment with fluvoxamine (28 days of fluvoxamine) female;Midazolam;Fluvoxamine;IV;PO;Plasma;1.372881356;Arith. mean;;;;;;;0;inf;336;inf;h;AUCR was calculated with CLiv values;50/100;;mg;PO;0-24-48-58-72-82-96-106-120-130-144-154-168-178-192-202-216-226-240-250-264-274-288-298-312-322-336-346-360-370-384-394-408-418-432-442-456-466-480-490-504-514-528-538-552-562-576-586-600-610-624-634-648;h;MD, twice a day for 4 weeks, dose titration to 150 mg/day over 7 days: 50 mg in the evening for 3 days, 50 mg in the morning and evening for the next 3 days, 50 mg in the morning and 100 mg in the evening for the remainder of the study.;fluvoxamine;50 mg fluvoxamine capsules (Luvox, lot number 87145, Solvay, Marietta, Ga.);;;;;;;
828;Carls 2014;https://www.ncbi.nlm.nih.gov/pubmed/25139487;Midazolam + 250 mg erythromycin ;Midazolam;Erythromycin;IV;PO;Plasma;1.71781;Approx. Avg;;;;;;;2;4;3;5;h;;250;;mg;PO;0;h;SD;;Erythromycin-ratiopharm® 500 mg filmtablets containing 694 mg erythromycinstearate;;;;;;;
829;Carls 2014;https://www.ncbi.nlm.nih.gov/pubmed/25139487;Midazolam + 1000 mg erythromycin ;Midazolam;Erythromycin;IV;PO;Plasma;4.99118;Approx. Avg;;;;;;;2;4;3;5;h;;1000;;mg;PO;0;h;SD;;Erythromycin-ratiopharm® 500 mg filmtablets containing 694 mg erythromycinstearate;;;;;;;
779;Bartkowski 1989;https://www.ncbi.nlm.nih.gov/pubmed/2501060;Treatment Day 1;Alfentanil;Erythromycin;IV;PO;Serum;1.026178;Geom. mean;1.204995;Geom. SD;;;;;0;inf;1.5;inf;h;Individual AUCinf calculated as Dose/CL. Individual CL values are given in Tab. 1. Individual values subsequently used to calculate Geom. Mean and geom. SD.;500;;mg;PO;0;h;SD;;E-Mycin;;;;Fasted;overnight;;
780;Bartkowski 1989;https://www.ncbi.nlm.nih.gov/pubmed/2501060;Treatment Day 7;Alfentanil;Erythromycin;IV;PO;Serum;1.461094;Geom. mean;1.312773;Geom. SD;;;;;0;inf;145.5;inf;h;Individual AUCinf calculated as Dose/CL. Individual CL values are given in Tab. 1. Individual values subsequently used to calculate Geom. Mean and geom. SD.;500;;mg;PO;0-12-24-36-48-60-72-84-96-108-120-132-144;h;MD BID;;E-Mycin;;;;Fasted;overnight;;
56;Backman 1998;https://www.ncbi.nlm.nih.gov/pubmed/9591931;Phase IV (during Perpetrator (Rifampicin));Midazolam;Rifampicin;PO;PO;Plasma;0.023;arith. mean;0.006;Arith. SEM;0.054;Arith. Mean;0.012;Arith. SEM;0;inf;113;185;h;;600;;mg;PO;0-24-48-72-96;h;;;300 mg capsules, Rimapen Orion;;;;Fasted;;;
57;Backman 1998;https://www.ncbi.nlm.nih.gov/pubmed/9591931;Phase V (4 days after Perpetrator (Rifampicin));Midazolam;Rifampicin;PO;PO;Plasma;0.132;arith. mean;0.028;Arith. SEM;0.202;Arith. Mean;0.042;Arith. SEM;0;inf;185;inf;h;;600;;mg;PO;0-24-48-72-96;h;;;300 mg capsules, Rimapen Orion;;;;Fasted;;;
58;Backman 1998;https://www.ncbi.nlm.nih.gov/pubmed/9591931;Phase II (during Perpetrator (Itraconazole));Midazolam;Itraconazole;PO;PO;Plasma;7.97;arith. mean;1.14;Arith. SEM;3.12;Arith. Mean;0.37;Arith. SEM;0;inf;74;170;h;;200;;mg;PO;0-24-48-72;h;;;Sporanox 100-mg capsule;;;;Fasted;;;
59;Backman 1998;https://www.ncbi.nlm.nih.gov/pubmed/9591931;Phase III (4 days after Perpetrator (Itraconazole));Midazolam;Itraconazole;PO;PO;Plasma;2.63;arith. mean;0.4;Arith. SEM;1.92;Arith. Mean;0.31;Arith. SEM;0;inf;170;inf;h;;200;;mg;PO;0-24-48-72;h;;;Sporanox 100-mg capsule;;;;Fasted;;;
54;Backman 1996;https://www.ncbi.nlm.nih.gov/pubmed/8549036;with Perpetrator (Rifampicin);Midazolam;Rifampicin;PO;PO;Plasma;0.041;Arith.mean;;;0.061818182;Approx. CmaxR;;;0;inf;113;inf;h;;600;;mg;PO;0-24-48-72-96;h;;;300 mg capsules, Rimapen Orion;;;;;;;
1108;Backman 1994;https://www.ncbi.nlm.nih.gov/pubmed/8198928;Midazolam with verapamil;Midazolam;Verapamil;PO;PO;Plasma;2.916666667;Arith. mean;;;1.969230769;Arith. mean;;;0;inf;25;inf;h;;80;;mg;PO;S0-T8-R5;h;MD, day1: 14:30, 22:30, day2: 6:30, 14:30, 22:30;verpamil;Verpamil 40 mg tabl., Orion Pharmaceutical Company Ltd;;;;;;;
50;Ahonen 1995;http://www.ncbi.nlm.nih.gov/pubmed/8527290;with Perpetrator (Itraconazole);Midazolam;Itraconazole;PO;PO;Plasma;5.745098039;Approx. Avg;;;2.558823529;Approx. Avg;;;0;inf;74;inf;h;;100;;mg;PO;(S-0,T-24,R-4);h;OD;;Sporanox;;;Sporanox Janssen;;;;
;;;;;;;;;;;;;;;;;;;;;;;;;;;;;;;;;;;;;;
;;;;;;;;;;;;;;;;;;;;;;;;;;;;;;;;;;;;;;
;;;;;;;;;;;;;;;;;;;;;;;;;;;;;;;;;;;;;;
;;;;;;;;;;;;;;;;;;;;;;;;;;;;;;;;;;;;;;
;;;;;;;;;;;;;;;;;;;;;;;;;;;;;;;;;;;;;;
;;;;;;;;;;;;;;;;;;;;;;;;;;;;;;;;;;;;;;
;;;;;;;;;;;;;;;;;;;;;;;;;;;;;;;;;;;;;;
;;;;;;;;;;;;;;;;;;;;;;;;;;;;;;;;;;;;;;
;;;;;;;;;;;;;;;;;;;;;;;;;;;;;;;;;;;;;;
;;;;;;;;;;;;;;;;;;;;;;;;;;;;;;;;;;;;;;
;;;;;;;;;;;;;;;;;;;;;;;;;;;;;;;;;;;;;;
;;;;;;;;;;;;;;;;;;;;;;;;;;;;;;;;;;;;;;
;;;;;;;;;;;;;;;;;;;;;;;;;;;;;;;;;;;;;;
;;;;;;;;;;;;;;;;;;;;;;;;;;;;;;;;;;;;;;
;;;;;;;;;;;;;;;;;;;;;;;;;;;;;;;;;;;;;;
;;;;;;;;;;;;;;;;;;;;;;;;;;;;;;;;;;;;;;
;;;;;;;;;;;;;;;;;;;;;;;;;;;;;;;;;;;;;;
;;;;;;;;;;;;;;;;;;;;;;;;;;;;;;;;;;;;;;
;;;;;;;;;;;;;;;;;;;;;;;;;;;;;;;;;;;;;;
;;;;;;;;;;;;;;;;;;;;;;;;;;;;;;;;;;;;;;
;;;;;;;;;;;;;;;;;;;;;;;;;;;;;;;;;;;;;;
;;;;;;;;;;;;;;;;;;;;;;;;;;;;;;;;;;;;;;
;;;;;;;;;;;;;;;;;;;;;;;;;;;;;;;;;;;;;;
;;;;;;;;;;;;;;;;;;;;;;;;;;;;;;;;;;;;;;
;;;;;;;;;;;;;;;;;;;;;;;;;;;;;;;;;;;;;;
;;;;;;;;;;;;;;;;;;;;;;;;;;;;;;;;;;;;;;
;;;;;;;;;;;;;;;;;;;;;;;;;;;;;;;;;;;;;;
;;;;;;;;;;;;;;;;;;;;;;;;;;;;;;;;;;;;;;
;;;;;;;;;;;;;;;;;;;;;;;;;;;;;;;;;;;;;;
;;;;;;;;;;;;;;;;;;;;;;;;;;;;;;;;;;;;;;
;;;;;;;;;;;;;;;;;;;;;;;;;;;;;;;;;;;;;;
;;;;;;;;;;;;;;;;;;;;;;;;;;;;;;;;;;;;;;
;;;;;;;;;;;;;;;;;;;;;;;;;;;;;;;;;;;;;;
;;;;;;;;;;;;;;;;;;;;;;;;;;;;;;;;;;;;;;
;;;;;;;;;;;;;;;;;;;;;;;;;;;;;;;;;;;;;;
;;;;;;;;;;;;;;;;;;;;;;;;;;;;;;;;;;;;;;
;;;;;;;;;;;;;;;;;;;;;;;;;;;;;;;;;;;;;;
;;;;;;;;;;;;;;;;;;;;;;;;;;;;;;;;;;;;;;
;;;;;;;;;;;;;;;;;;;;;;;;;;;;;;;;;;;;;;
;;;;;;;;;;;;;;;;;;;;;;;;;;;;;;;;;;;;;;
;;;;;;;;;;;;;;;;;;;;;;;;;;;;;;;;;;;;;;
;;;;;;;;;;;;;;;;;;;;;;;;;;;;;;;;;;;;;;
;;;;;;;;;;;;;;;;;;;;;;;;;;;;;;;;;;;;;;
;;;;;;;;;;;;;;;;;;;;;;;;;;;;;;;;;;;;;;
;;;;;;;;;;;;;;;;;;;;;;;;;;;;;;;;;;;;;;
;;;;;;;;;;;;;;;;;;;;;;;;;;;;;;;;;;;;;;
;;;;;;;;;;;;;;;;;;;;;;;;;;;;;;;;;;;;;;
;;;;;;;;;;;;;;;;;;;;;;;;;;;;;;;;;;;;;;
;;;;;;;;;;;;;;;;;;;;;;;;;;;;;;;;;;;;;;
;;;;;;;;;;;;;;;;;;;;;;;;;;;;;;;;;;;;;;
;;;;;;;;;;;;;;;;;;;;;;;;;;;;;;;;;;;;;;
;;;;;;;;;;;;;;;;;;;;;;;;;;;;;;;;;;;;;;
;;;;;;;;;;;;;;;;;;;;;;;;;;;;;;;;;;;;;;
;;;;;;;;;;;;;;;;;;;;;;;;;;;;;;;;;;;;;;
;;;;;;;;;;;;;;;;;;;;;;;;;;;;;;;;;;;;;;
;;;;;;;;;;;;;;;;;;;;;;;;;;;;;;;;;;;;;;
;;;;;;;;;;;;;;;;;;;;;;;;;;;;;;;;;;;;;;
;;;;;;;;;;;;;;;;;;;;;;;;;;;;;;;;;;;;;;
;;;;;;;;;;;;;;;;;;;;;;;;;;;;;;;;;;;;;;
;;;;;;;;;;;;;;;;;;;;;;;;;;;;;;;;;;;;;;
;;;;;;;;;;;;;;;;;;;;;;;;;;;;;;;;;;;;;;
;;;;;;;;;;;;;;;;;;;;;;;;;;;;;;;;;;;;;;
;;;;;;;;;;;;;;;;;;;;;;;;;;;;;;;;;;;;;;
;;;;;;;;;;;;;;;;;;;;;;;;;;;;;;;;;;;;;;
;;;;;;;;;;;;;;;;;;;;;;;;;;;;;;;;;;;;;;
;;;;;;;;;;;;;;;;;;;;;;;;;;;;;;;;;;;;;;
;;;;;;;;;;;;;;;;;;;;;;;;;;;;;;;;;;;;;;
;;;;;;;;;;;;;;;;;;;;;;;;;;;;;;;;;;;;;;
;;;;;;;;;;;;;;;;;;;;;;;;;;;;;;;;;;;;;;
;;;;;;;;;;;;;;;;;;;;;;;;;;;;;;;;;;;;;;
;;;;;;;;;;;;;;;;;;;;;;;;;;;;;;;;;;;;;;
;;;;;;;;;;;;;;;;;;;;;;;;;;;;;;;;;;;;;;
;;;;;;;;;;;;;;;;;;;;;;;;;;;;;;;;;;;;;;
;;;;;;;;;;;;;;;;;;;;;;;;;;;;;;;;;;;;;;
;;;;;;;;;;;;;;;;;;;;;;;;;;;;;;;;;;;;;;
;;;;;;;;;;;;;;;;;;;;;;;;;;;;;;;;;;;;;;
;;;;;;;;;;;;;;;;;;;;;;;;;;;;;;;;;;;;;;
;;;;;;;;;;;;;;;;;;;;;;;;;;;;;;;;;;;;;;
;;;;;;;;;;;;;;;;;;;;;;;;;;;;;;;;;;;;;;
;;;;;;;;;;;;;;;;;;;;;;;;;;;;;;;;;;;;;;
;;;;;;;;;;;;;;;;;;;;;;;;;;;;;;;;;;;;;;
;;;;;;;;;;;;;;;;;;;;;;;;;;;;;;;;;;;;;;
;;;;;;;;;;;;;;;;;;;;;;;;;;;;;;;;;;;;;;
;;;;;;;;;;;;;;;;;;;;;;;;;;;;;;;;;;;;;;
;;;;;;;;;;;;;;;;;;;;;;;;;;;;;;;;;;;;;;
;;;;;;;;;;;;;;;;;;;;;;;;;;;;;;;;;;;;;;
;;;;;;;;;;;;;;;;;;;;;;;;;;;;;;;;;;;;;;
;;;;;;;;;;;;;;;;;;;;;;;;;;;;;;;;;;;;;;
